,title,Date,url
0,Προς τις κάλπες με φόντο τις Πρέσπες,2019-07-02,https://www.kathimerini.gr/1031758/article/epikairothta/politikh/pros-tis-kalpes-me-fonto-tis-prespes
1,Κυρ. Μητσοτάκης στο Reuters: Η Ελλάδα είναι έτοιμη να κάνει ένα μεγάλο βήμα μπροστά,2019-07-02,https://www.kathimerini.gr/1031855/article/epikairothta/politikh/kyr-mhtsotakhs-sto-reuters-h-ellada-einai-etoimh-na-kanei-ena-megalo-vhma-mprosta
2,«Δικαιοσύνη» για τη Θέμιδα η άρνηση του ΠτΔ,2019-07-02,https://www.kathimerini.gr/1031750/article/epikairothta/politikh/dikaiosynh-gia-th-8emida-h-arnhsh-toy-ptd
3,Μήνυμα στήριξης στις Ενοπλες Δυνάμεις από Κυρ. Μητσοτάκη,2019-07-02,https://www.kathimerini.gr/1031825/gallery/epikairothta/politikh/mhnyma-sthri3hs-stis-enoples-dynameis-apo-kyr-mhtsotakh
4,ΝΔ: Νοσηρή ανοχή της κυβέρνησης σε κάθε είδους ανομία,2019-07-02,https://www.kathimerini.gr/1031824/article/epikairothta/politikh/nd-noshrh-anoxh-ths-kyvernhshs-se-ka8e-eidoys-anomia
5,Πυρετώδεις διαβουλεύσεις στις Βρυξέλλες με νέα ονόματα στο τραπέζι,2019-07-02,https://www.kathimerini.gr/1031815/article/epikairothta/politikh/pyretwdeis-diavoyleyseis-stis-vry3elles-me-nea-onomata-sto-trapezi
6,Τζέφρι Πάιατ: Σταθερή η προσήλωση ΗΠΑ - Ελλάδας στην εμβάθυνση των διμερών σχέσεων,2019-07-02,https://www.kathimerini.gr/1031803/article/epikairothta/politikh/tzefri-paiat-sta8erh-h-proshlwsh-hpa---elladas-sthn-emva8ynsh-twn-dimerwn-sxesewn
7,Υψηλοί τόνοι έναντι της Ν.Δ. από Φ. Γεννηματά,2019-07-02,https://www.kathimerini.gr/1031776/article/epikairothta/politikh/yyhloi-tonoi-enanti-ths-nd-apo-f-gennhmata
8,Κατρούγκαλος: Δεν μπορούμε να προχωρήσουμε σε συνδιαχείριση στο Αιγαίο αν δεν ξεκαθαριστούν οι οικονομικές ζώνες,2019-07-02,https://www.kathimerini.gr/1031796/article/epikairothta/politikh/katroygkalos-den-mporoyme-na-proxwrhsoyme-se-syndiaxeirish-sto-aigaio-an-den-3eka8aristoyn-oi-oikonomikes-zwnes
9,Μητσοτάκης: Δεν θα κοπεί κανένα επίδομα,2019-07-02,https://www.kathimerini.gr/1031761/article/epikairothta/politikh/mhtsotakhs-den-8a-kopei-kanena-epidoma
10,O Πολ ΜακΚάρντεϊ κατά του πανεπιστημίου του Τέξας για πειράματα σε σκύλους,2019-07-02,https://www.kathimerini.gr/1031772/article/epikairothta/politikh/o-pol-makkarntei-kata-toy-panepisthmioy-toy-te3as-gia-peiramata-se-skyloys
11,Ιερά πυρά κατά Βελόπουλου για τις «επιστολές» του Χριστού,2019-07-02,https://www.kathimerini.gr/1031757/article/epikairothta/politikh/iera-pyra-kata-velopoyloy-gia-tis-epistoles-toy-xristoy
12,Σύστημα θαλάσσιας επιτήρησης στο Αιγαίο,2019-07-02,https://www.kathimerini.gr/1031749/article/epikairothta/politikh/systhma-8alassias-epithrhshs-sto-aigaio
13,"Νίκη Κ. Κεραμέως: Ανοικτοί θεσμοί, ανοικτή οικονομία, ασφάλεια για όλους",2019-07-01,https://www.kathimerini.gr/1031426/article/epikairothta/politikh/nikh-k-keramews-anoiktoi-8esmoi-anoikth-oikonomia-asfaleia-gia-oloys
14,Αλ.Τσίπρας: Ο ελληνικός λαός δεν είπε ακόμη την τελευταία του λέξη,2019-07-01,https://www.kathimerini.gr/1031715/article/epikairothta/politikh/altsipras-o-ellhnikos-laos-den-eipe-akomh-thn-teleytaia-toy-le3h
15,"Η αυτοδυναμία, τα κόμματα εκτός Βουλής και η αποχή",2019-07-01,https://www.kathimerini.gr/1031422/article/epikairothta/politikh/h-aytodynamia-ta-kommata-ektos-voylhs-kai-h-apoxh
16,Χρήστος Ροζάκης: Οι τουρκικές διεκδικήσεις και το Δίκαιο της Θάλασσας,2019-07-01,https://www.kathimerini.gr/1031437/article/epikairothta/politikh/xrhstos-rozakhs-oi-toyrkikes-diekdikhseis-kai-to-dikaio-ths-8alassas
17,"Η Ρωσία δεν δέχεται αλλαγή στη βάση λύσης Κυπριακού, ανέφερε ο Λαβρόφ στον ΓΓ του ΑΚΕΛ",2019-07-01,https://www.kathimerini.gr/1031714/article/epikairothta/politikh/h-rwsia-den-dexetai-allagh-sth-vash-lyshs-kypriakoy-anefere-o-lavrof-ston-gg-toy-akel
18,Κυρ. Μητσοτάκης για Προσφυγικό: Aμεση προτεραιότητα η αποσυμφόρηση των νησιών,2019-07-01,https://www.kathimerini.gr/1031713/article/epikairothta/politikh/kyr-mhtsotakhs-gia-prosfygiko-amesh-proteraiothta-h-aposymforhsh-twn-nhsiwn
19,Δήλωση Καλογήρου για αποφυλακίσεις φυλακισμένων τρομοκρατών,2019-07-01,https://www.kathimerini.gr/1031695/article/epikairothta/politikh/dhlwsh-kaloghroy-gia-apofylakiseis-fylakismenwn-tromokratwn
20,Το 15ο Reworks Festival επιστρέφει στην Θεσσαλονίκη,2019-07-02,https://www.tovima.gr/2019/07/02/culture/to-15o-reworks-festival-epistrefei-stin-thessaloniki/
21,Γ. Παπανδρέου: Πρώτος σέρνει τον χορό,2019-07-02,https://www.tovima.gr/2019/07/02/politics/g-papandreou-protos-sernei-ton-xoro/
22,Live Streaming : Η κλήρωση της Super League 1,2019-07-02,https://www.tovima.gr/2019/07/02/sports/live-streaming-i-klirosi-tis-super-league-1/
23,ΠΑΟΚ : Πώς πέρασε τις πρώτες ώρες του ο Φερέιρα,2019-07-02,https://www.tovima.gr/2019/07/02/sports/paok-pos-perase-tis-protes-ores-tou-o-fereira/
24,ΕΟΦ: Δεν έχει δοθεί έγκριση κυκλοφορίας φαρμακευτικής κάνναβης,2019-07-02,https://www.tovima.gr/2019/07/02/society/eof-den-exei-dothei-egkrisi-kykloforias-farmakeytikis-kannavis/
25,Γ. Χαλικιώτης στο One Channel: Σε λίγες μέρες φεύγει η χειρότερη κυβέρνηση των τελευταίων 30 ετών,2019-07-02,https://www.tovima.gr/2019/07/02/politics/g-xalikiotis-sto-one-channel-se-liges-meres-feygei-i-xeiroteri-kyvernisi-ton-teleytaion-30-eton/
26,Ο υδάτινος κόσμος της ασφάλειας,2019-07-02,https://www.tovima.gr/2019/07/02/market/o-ydatinos-kosmos-tis-asfaleias/
27,Θεσσαλονίκη: Παράνομη η απόφαση του δήμου για αποκλεισμό της Χρυσής Αυγής,2019-07-02,https://www.tovima.gr/2019/07/02/politics/thessaloniki-paranomi-i-apofasi-tou-ds-gia-apokleismo-tis-xrysis-aygis/
28,Άρης : Αυτοψία στο Κλεάνθης Βικελίδης για το VAR,2019-07-02,https://www.tovima.gr/2019/07/02/sports/aris-aytopsia-sto-kleanthis-vikelidis-gia-to-var/
29,"Τοκ, τοκ. Υπάρχει κανείς μέσα;",2019-07-02,https://www.tovima.gr/2019/07/02/sports/tok-tok-yparxei-kaneis-mesa/
30,Μητσοτάκης στο Reuters: Ετοιμοι για το μεγάλο άλμα μπροστά,2019-07-02,https://www.tovima.gr/2019/07/02/politics/mitsotakis-sto-reuters-etoimoi-gia-to-megalo-alma-mprosta/
31,Η Protergia ονομαστικός χορηγός του 7ου Protergia Athens Street Pole Vault,2019-07-02,https://www.tovima.gr/2019/07/02/market/i-protergia-onomastikos-xorigos-tou-7ou-protergia-athens-street-pole-vault/
32,«Ψήνεται» η μεγάλη επιστροφή στη Γιουβέντους,2019-07-02,https://www.tovima.gr/2019/07/02/sports/psinetai-i-megali-epistrofi-sti-giouventous/
33,Αυγενάκης : Κράτος και η Εκκλησία πρέπει να συνεργάζονται αρμονικά,2019-07-02,https://www.tovima.gr/2019/07/02/politics/aygenakis-kratos-kai-i-ekklisia-prepei-na-synergazontai-armonika/
34,Τσίπρας… αποκλειστικό: Η Ελλάδα… ανοίγει και πάλι στους Ελληνες,2019-07-02,https://www.tovima.gr/2019/07/02/politics/tsipras-apokleistiko-i-ellada-anoigei-kai-pali-stous-ellines/
35,Σε ποια θέση ανέβασε τον πήχη για τον Άρη ο Κόρχουτ,2019-07-02,https://www.tovima.gr/2019/07/02/sports/se-poia-thesi-anevase-ton-pixi-gia-ton-ari-o-korxout/
36,Αυτές είναι οι νέες αντιστοιχίες τμημάτων για τις μετεγγραφές φοιτητών,2019-07-02,https://www.tovima.gr/2019/07/02/society/aytes-einai-oi-nees-antistoixies-tmimaton-gia-tis-meteggrafes-foititon/
37,Εικόνες ντροπής: Το ιατρικό απόρρητο σε κοινή θέα και πεταμένο στους διαδρόμους,2019-07-02,https://www.tovima.gr/2019/07/02/society/eikones-ntropis-to-iatriko-aporrito-se-koini-thea-kai-petameno-stous-diadromous/
38,Volley League : Συνεχίζει στον Ηρακλή ο αγέραστος Προύσαλης,2019-07-02,https://www.tovima.gr/2019/07/02/sports/volley-league-synexizei-ston-irakli-o-agerastos-prousalis/
39,Κύπρος: Νομικά μέτρα κατά εταιρειών που εμπλέκονται στις τουρκικές γεωτρήσεις,2019-07-02,https://www.tovima.gr/2019/07/02/politics/kypros-nomika-metra-kata-etaireion-pou-emplekontai-stis-tourkikes-geotriseis/
40,Νίκος Μουτσινάς: Όσα έγραψε στο Instagram μετά τις φήμες αποχώρησης από το Open,2019-07-02,https://www.protothema.gr/life-style/Gossip/article/904889/nikos-moutsinas-osa-egrapse-sto-instagram-meta-tis-fimes-apohorisis-apo-to-open/?utm_source=rss
41,Με τσίρκο και «τελευταίες παραστάσεις» ξαναχτυπά ο Αρκάς,2019-07-02,https://www.protothema.gr/politics/article/904888/me-tsirko-kai-teleutaies-parastaseis-xanahtupa-o-arkas/?utm_source=rss
42,Αιματηρό επεισόδιο στο Ηράκλειο - Τραυματίστηκε σοβαρά ένας άντρας,2019-07-02,https://www.protothema.gr/greece/article/904885/aimatiro-epeisodio-sto-irakleio-traumatistike-sovara-enas-adras/?utm_source=rss
43,Australian police thwart Islamic terror attack,2019-07-02,https://www.protothema.gr/english-news/article/904884/australian-police-thwart-islamic-terror-attack/?utm_source=rss
44,ΗΠΑ: Κρατούν αποκλεισμένη τη Huawei παρά τις «ικανοποιητικές συζητήσεις» με την Κίνα,2019-07-02,https://www.protothema.gr/world/article/904883/ipa-kratoun-apokleismeni-ti-huawei-para-tis-ikanopoiitikes-suzitiseis-me-tin-kina/?utm_source=rss
45,Ισπανία: Κρίσιμες ψηφοφορίες για τον Σάντσεθ στις 23 και 25 Ιουλίου,2019-07-02,https://www.protothema.gr/world/article/904882/ispania-krisimes-psifofories-gia-ton-sadseth-stis-23-kai-25-iouliou/?utm_source=rss
46,Κερασόπιτα με τραγανή ζύμη,2019-07-02,https://www.protothema.gr/olivemagazine/article/904873/kerasopita-me-tragani-zumi/?utm_source=rss
47,Η Βίκυ Καγιά έβαλε το μαγιό της και εντυπωσίασε με τις αναλογίες της,2019-07-02,https://www.protothema.gr/life-style/Gossip/article/904881/i-viku-kagia-evale-to-magio-tis-kai-eduposiase-me-tis-analogies-tis/?utm_source=rss
48,Χιλιάδες πολίτες στην ομιλία του Μιλτιάδη Βαρβιτσιώτη στο Περιστέρι,2019-07-02,https://www.protothema.gr/politics/article/904879/hiliades-polites-stin-omilia-tou-miltiadi-varvitsioti-sto-peristeri/?utm_source=rss
49,Από τι εξαρτάται η αυτοπεποίθηση του παιδιού,2019-07-02,https://www.protothema.gr/zoi/article/904683/posi-autopepoithisi-tha-apoktisete-an-valete-siderakia/?utm_source=rss
50,LIVE η κλήρωση της Super League 1 για την σεζόν 2019-2020,2019-07-02,https://www.protothema.gr/sports/article/904880/live-i-klirosi-tis-super-league-1-gia-tin-sezon-2019-2020/?utm_source=rss
51,MediaMarkt & Public join forces in landmark deal,2019-07-02,https://www.protothema.gr/english-news/article/904877/mediamarkt-public-join-forces-in-landmark-deal/?utm_source=rss
52,Aυτό είναι το μπικίνι που θα λατρέψουν όλοι πάνω σας,2019-07-02,https://www.protothema.gr/marie-claire/article/904878/auto-einai-to-bikini-pou-tha-latrepsoun-oloi-pano-sou/?utm_source=rss
53,Πρόβλημα στο Ίντερνετ παγκοσμίως «ρίχνει» χιλιάδες ιστοσελίδες,2019-07-02,https://www.protothema.gr/technology/article/904876/provlima-sto-idernet-pagosmios-rihnei-hiliades-istoselides/?utm_source=rss
54,Ο Ζουράρις... ξαναχτυπά: Καλύτερος πρωθυπουργός μετά τον Ελευθέριο Βενιζέλο ο Τσίπρας - Είμαι ερωτευμένος μαζί του,2019-07-02,https://www.protothema.gr/politics/article/904875/o-zouraris-xanahtupa-kaluteros-prothupourgos-meta-ton-eleutherio-venizelo-o-tsipras-eimai-eroteumenos-mazi-tou/?utm_source=rss
55,Θεσσαλονίκη: Εντοπίστηκαν 18 φορτηγά με «πειραγμένους» ταχογράφους,2019-07-02,https://www.protothema.gr/greece/article/904874/thessaloniki-edopistikan-18-fortiga-me-peiragmenous-tahografous/?utm_source=rss
56,Αλέξανδρος Μωραϊτάκης στο protothema: Όταν βελτιωθεί η οικονομία τα οφέλη θα διαχυθούν σε όλους τους τομείς,2019-07-02,https://www.protothema.gr/politics/article/904871/alexandros-moraitakis-sto-protothema-otan-veltiothei-i-oikonomia-ta-ofeli-tha-diahuthoun-se-olous-tous-tomeis/?utm_source=rss
57,Επηρεάζει η Δικαιοσύνη την οικονομία;,2019-07-02,https://www.protothema.gr/blogs/sofia-nikolaoy/article/904872/epireazei-i-dikaiosuni-tin-oikonomia/?utm_source=rss
58,Turkish coast guard vessel tows Greek-Cypriot fishing boat in “pirate” move,2019-07-02,https://www.protothema.gr/english-news/article/904870/turkish-coast-guard-vessel-tows-greek-cypriot-fishing-boat-in-pirate-move/?utm_source=rss
59,Υπουργείο Αγροτικής Ανάπτυξης: Προστατεύεται η «ΦΕΤΑ» στη συμφωνία ΕΕ – MERCOSUR,2019-07-02,https://www.protothema.gr/greece/article/904869/upourgeio-agrotikis-anaptuxis-prostateuetai-i-feta-sti-sumfonia-ee-mercosur/?utm_source=rss
60,Zώδια Ιουλίου: Ποιοι θα κλαίνε και ποιοι θα υποφέρουν με δύο εκλείψεις,2019-07-02,https://www.protothema.gr/marie-claire/article/904868/zodia-iouliou-poioi-tha-klaine-kai-poioi-tha-upoferoun-me-duo-ekleipseis/?utm_source=rss
61,Γεννηματά: Ο κ. Τσίπρας απέφυγε το debate όπως ο διάολος το λιβάνι,2019-07-02,https://www.protothema.gr/politics/article/904866/gennimata-o-k-tsipras-apefuge-to-debate-opos-o-diaolos-to-livani/?utm_source=rss
62,Προληπτικές εξετάσεις για τον καρκίνο: Ποιες να κάνετε και πότε,2019-07-02,https://www.protothema.gr/zoi/article/862604/proliptikes-exetaseis-gia-ton-karkino-poies-na-kanete-kai-pote/?utm_source=rss
63,Ο ΕΟΦ ξεκαθαρίζει πως δεν κυκλοφορεί κανένα προϊόν «φαρμακευτικής κάνναβης»,2019-07-02,https://www.protothema.gr/greece/article/904867/o-eof-xekatharizei-pos-den-kukloforei-kanena-proion-farmakeutikis-kannavis/?utm_source=rss
64,Προθεσμία μέχρι την Πέμπτη έλαβε για να απολογηθεί ο αδελφοκτόνος στην Ασή Γωνιά Χανίων,2019-07-02,https://www.protothema.gr/greece/article/904865/prothesmia-mehri-tin-pebti-elave-gia-na-apologithei-o-adelfoktonos-stin-asi-gonia-hanion/?utm_source=rss
65,"Το μήνυμα της Μπακοδήμου για τoν γιο της: «Ήταν ένας άσχημος τραυματισμός, αλλά όλα πήγαν τέλεια»",2019-07-02,https://www.protothema.gr/life-style/article/904863/to-minuma-tis-bakodimou-gia-tin-ugeia-tou-giou-tis-itan-enas-ashimos-traumatismos-alla-ola-pigan-teleia/?utm_source=rss
66,"Οι Ινδοί που βίασαν την ξαδέρφη τους γιατί έγραψε καλύτερα, μοίρασαν το βίντεο σε όλη την οικογένεια!",2019-07-02,https://www.protothema.gr/world/article/904852/oi-indoi-pou-viasan-tin-xaderfi-tous-giati-egrapse-kalutera-moirasan-to-video-se-oli-tin-oikogeneia/?utm_source=rss
67,1η και 2η θέση για τις Ομάδες της Εκπαιδευτικής Αναγέννησης στον Πανελλήνιο Διαγωνισμό Ρομποτικής,2019-07-02,https://www.protothema.gr/advertorial/article/904862/1i-kai-2i-thesi-gia-tis-omades-tis-ekpaideutikis-anagennisis-ston-panellinio-diagonismo-robotikis/?utm_source=rss
68,"«Ο καύσωνας που έπληξε την Ευρώπη οφείλεται στην κλιματική αλλάγη», προειδοποιούν οι ειδικοί",2019-07-02,https://www.protothema.gr/environment/article/904861/o-kausonas-pou-eplixe-tin-europi-ofeiletai-stin-klimatiki-allagi-proeidopoioun-oi-eidikoi/?utm_source=rss
69,Lindsay Lohan posts provocative selfie from Mykonos (photo),2019-07-02,https://www.protothema.gr/english-news/article/904859/lindsay-lohan-posts-provocative-selfie-from-mykonos-photo/?utm_source=rss
70,Μητσοτάκης στο Reuters: Σταθερή κυβέρνηση και ισχυρή αυτοδυναμία για την τόνωση της οικονομικής ανάπτυξης,2019-07-02,https://www.protothema.gr/politics/article/904858/mitsotakis-sto-reuters-statheri-kuvernisi-kai-ishuri-autodunamia-gia-tin-tonosi-tis-oikonomikis-anaptuxis/?utm_source=rss
71,Η εξέταση που σώζει τις ωοθήκες από τις άσκοπες χειρουργικές επεμβάσεις,2019-07-02,https://www.protothema.gr/zoi/article/904669/i-exetasi-pou-sozei-tis-oothikes-apo-tis-askopes-heirourgikes-epemvaseis/?utm_source=rss
72,Ιδού το κορυφαίο Audi S8,2019-07-02,https://www.protothema.gr/car-and-speed/article/904767/idou-to-korufaio-audi-s8/?utm_source=rss
73,Καρόλα Ρακέτε: Ηρωίδα ή εγκληματίας η 31χρονη καπετάνισσα του Sea Watch 3;,2019-07-02,https://www.protothema.gr/world/article/904856/karola-rakete-iroida-i-eglimatias-i-31hroni-kapetanissa-tou-sea-watch-3/?utm_source=rss
74,Ο Σεΐχης του Ντουμπάι και η σύζυγός του θα «λύσουν» τον γάμο τους στα βρετανικά δικαστήρια,2019-07-02,https://www.protothema.gr/world/article/904851/o-seihis-tou-doubai-kai-i-suzugos-tou-tha-lusoun-ton-gamo-tous-sta-vretanika-dikastiria/?utm_source=rss
75,Breaking News! 14 Russian sailors dead in deep sea submersible,2019-07-02,https://www.protothema.gr/english-news/article/904855/breaking-news-14-russian-sailors-dead-in-deep-sea-submersibles/?utm_source=rss
76,Γερμανία: Εκκενώθηκαν 4 μικρές πόλεις λόγω πυρκαγιάς στο Μεκλεμβούργο - Δυτική Πομερανία,2019-07-02,https://www.protothema.gr/world/article/904853/germania-ekkenothikan-4-mikres-poleis-logo-purkagias-sto-meklemvourgo-dutiki-pomerania/?utm_source=rss
77,Φωτιά σε ρωσικό υποβρύχιο - 14 νεκροί,2019-07-02,https://www.protothema.gr/world/article/904854/alert-14-nekroi-apo-fotia-se-rosiko-upovruhio/?utm_source=rss
78,Τι σκοτώνει τον έρωτα στην κρεβατοκάμαρα,2019-07-02,https://www.protothema.gr/zoi/article/870530/ti-skotonei-ton-erota-stin-krevatokamara/?utm_source=rss
79,Κρήτη: ΕΚΑΒ και Αστυνομία αρνούνται να μεταφέρουν ασθενή με AIDS,2019-07-02,https://www.protothema.gr/greece/article/904849/kriti-ekav-kai-astunomia-arnoudai-na-metaferoun-astheni-me-aids/?utm_source=rss
80,Κύπρος: Τουρκική «πειρατική» επέμβαση κατά ελληνικού αλιευτικού,2019-07-02,https://www.protothema.gr/greece/article/904850/kupros-peiratiki-epemvasi-tourkikou-skafous-ston-kolpo-ammohostou/?utm_source=rss
81,Η Λίντσεϊ Λόχαν έχει γενέθλια και ποζάρει γυμνή στη... Μύκονο,2019-07-02,https://www.protothema.gr/life-style/article/904848/i-lidsei-lohan-ehei-genethlia-kai-pozarei-gumni-sti-mukono/?utm_source=rss
82,Κύπρος: Στο στόχαστρο δύο νορβηγικές και μία εταιρεία των ΗΠΑ για συνεργασία με τον «Πορθητή»,2019-07-02,https://www.protothema.gr/greece/article/904847/kupros-sto-stohastro-duo-norvigikes-kai-mia-etaireia-ton-ipa-gia-sunergasia-me-ton-porthiti/?utm_source=rss
83,“Schoolwave” student band festival to kick off on July 5,2019-07-02,https://www.protothema.gr/english-news/article/904846/schoolwave-student-band-festival-to-kick-off-on-july-5/?utm_source=rss
84,Εκλογές 7ης Ιουλίου: Το «viral» βίντεο του Θάνου Μωραΐτη,2019-07-02,https://www.protothema.gr/politics/article/904845/ekloges-7is-iouliou-to-viral-video-tou-thanou-moraiti/?utm_source=rss
85,Καιρός: Καύσωνας προ των πυλών - Πού θα «αγγίξει» τους 41 βαθμούς ο υδράργυρος,2019-07-02,https://www.protothema.gr/greece/article/904842/kairos-kausonas-pro-ton-pulon-pou-tha-aggixei-tous-41-vathmous-o-udrarguros/?utm_source=rss
86,Ακριβοί ως Έλληνες! (vids),2019-07-02,https://www.protothema.gr/sports/article/904844/akrivoi-os-ellines-vids/?utm_source=rss
87,ΟΛΠ: Ξαναμπλόκαρε το master plan της Cosco στον Πειραιά,2019-07-02,https://www.protothema.gr/economy/article/904843/olp-xanablokare-to-master-plan-tis-cosco-ston-peiraia/?utm_source=rss
88,Grecotel hotels and resorts: Επενδύσεις 62 εκατ. ευρώ σε ξενοδοχεία τρίτης γενιάς,2019-07-02,https://www.protothema.gr/economy/article/904841/grecotel-hotels-and-resorts-ependuseis-62-ekat-euro-se-xenodoheia-tritis-genias/?utm_source=rss
89,H Dior τσάντα της Σταματίνας Τσιμτσιλή κοστίζει 2.100 ευρώ και τη θέλουμε όλες,2019-07-02,https://www.protothema.gr/marie-claire/article/904840/h-dior-tsada-tis-stamatinas-tsimtsili-kostizei-2100-euro-kai-ti-theloume-oles/?utm_source=rss
90,Κρήτη: Επιχείρηση της αστυνομίας σε χασισοφυτεία με 3.000 δενδρύλλια!,2019-07-02,https://www.protothema.gr/greece/article/904839/kriti-epiheirisi-tis-astunomias-se-hasisofuteia-me-3000-dendrullia/?utm_source=rss
91,Στην ανάκληση 31 καλλυντικών από την αγορά προχωρά ο ΕΟΦ,2019-07-02,https://www.protothema.gr/greece/article/904838/stin-anaklisi-31-kalludikon-apo-tin-agora-prohora-o-eof/?utm_source=rss
92,Ημικρανία: Ο απρόβλεπτος ρόλος της στην εγκυμοσύνη,2019-07-02,https://www.protothema.gr/zoi/article/904680/imikrania-o-aprovleptos-rolos-tis-stin-egumosuni/?utm_source=rss
93,Συμφωνία-ορόσημο ανάμεσα σε Public και Media Markt,2019-07-02,https://www.protothema.gr/economy/article/904836/sumfonia-orosimo-anamesa-se-public-kai-media-markt-me-pollapla-ofeli-gia-tous-katanalotes/?utm_source=rss
94,Τζούλια Νόβα: «Φωτιά» στη Μύκονο με brazilian μπικίνι!,2019-07-02,https://www.protothema.gr/life-style/Gossip/article/904837/i-tzoulia-nova-einai-to-apoluto-kormi-tis-mukonou/?utm_source=rss
95,"Το «best of» των δηλώσεων στελεχών του ΣΥΡΙΖΑ: «Δηλαδή, με συγχωρείτε, απατεώνες είμαστε;»",2019-07-02,https://www.protothema.gr/politics/article/904811/to-best-of-ton-diloseon-stelehon-tou-suriza/?utm_source=rss
96,Θεσσαλονίκη: Άνδρας βρέθηκε νεκρός σε αγροικία,2019-07-02,https://www.protothema.gr/greece/article/904834/thessaloniki-andras-vrethike-nekros-se-agroikia/?utm_source=rss
97,"Συριακός μουσακάς με λαχανικά, κιμά και σάλτσα γιαουρτιού με ταχίνι",2019-07-02,https://www.protothema.gr/olivemagazine/article/904828/suriakos-mousakas-me-lahanika-kima-kai-saltsa-giaourtiou-me-tahini/?utm_source=rss
98,The history of portable music (infographic),2019-07-02,https://www.protothema.gr/english-news/article/904833/the-history-of-portable-music-infographic/?utm_source=rss
99,Αμβρόσιος για εκλογές: Δώστε τη χαριστική βολή σε Τσίπρα και ΣΥΡΙΖΑ!,2019-07-02,https://www.protothema.gr/greece/article/904832/amvrosios-gia-ekloges-doste-ti-haristiki-voli-se-tsipra-kai-suriza/?utm_source=rss
100,"Σεισμός: 5,8 Ρίχτερ κοντά στις Μαλδίβες",2019-07-02,https://www.protothema.gr/world/article/904831/seismos-58-rihter-koda-stis-maldives/?utm_source=rss
101,Η Δήμητρα Αλεξανδράκη διαψεύδει το χωρισμό: Βαρέθηκα να ακούω πότε θα βάλω νυφικό,2019-07-02,https://www.protothema.gr/life-style/article/904829/i-dimitra-alexandraki-diapseudei-to-horismo-varethika-na-akouo-pote-tha-valo-nufiko/?utm_source=rss
102,"Φωτιά στον Κατσικά Ιωαννίνων, κοντά σε δομή προσφύγων",2019-07-02,https://www.protothema.gr/greece/article/904830/fotia-ston-katsika-ioanninon-koda-se-domi-prosfugon/?utm_source=rss
103,Νέα «βουτιά» 9% για το Bitcoin,2019-07-02,https://www.protothema.gr/economy/article/904827/nea-voutia-9-gia-to-bitcoin/?utm_source=rss
104,"‘Επαθε εγκεφαλικό επεισόδιο στα 31, ανεύρυσμα στα 35 και τώρα είναι πιο fit από ποτέ!",2019-07-02,https://www.protothema.gr/zoi/article/889552/epathe-egefaliko-epeisodio-sta-31-aneurusma-sta-35-kai-tora-einai-pio-fit-apo-pote/?utm_source=rss
105,ΕΣΡ: Οριστικά στην Alter Ego του Μαρινάκη η έκτη τηλεοπτική άδεια,2019-07-02,https://www.protothema.gr/greece/article/904826/esr-oristika-stin-alter-ego-tou-marinaki-i-ekti-tileoptiki-adeia/?utm_source=rss
106,"Ο γιος της Μαρίας Μπακοδήμου, Άρης, μόλις χειρουργήθηκε",2019-07-02,https://www.protothema.gr/marie-claire/article/904825/o-gios-tis-marias-bakodimou-aris-molis-heirourgithike/?utm_source=rss
107,Κίνηση και μποτιλιάρισμα στους δρόμους αυτή την ώρα - Δείτε Live,2019-07-02,https://www.protothema.gr/greece/article/904823/kinisi-kai-botiliarisma-stous-dromous-auti-tin-ora-deite-live/?utm_source=rss
108,Σκιάθος: Το σέξι κορίτσι του «Τροχού της Τύχης» έφερε τον... καύσωνα στην Αγία Ελένη,2019-07-02,https://www.protothema.gr/life-style/article/904824/skiathos-to-sexi-koritsi-tou-trohou-tis-tuhis-efere-ton-kausona-stin-agia-eleni/?utm_source=rss
109,Φθιώτιδα: Τη μαζική δολοφονία αδέσποτων καταγγέλλει φιλοζωική,2019-07-02,https://www.protothema.gr/greece/article/904821/fthiotida-ti-maziki-dolofonia-adespoton-kataggellei-filozoiki/?utm_source=rss
110,Ευρωπαϊκό Συμβούλιο: Η λίστα με τα ονόματα του γαλλογερμανικού άξονα,2019-07-02,https://www.protothema.gr/world/article/904822/europaiko-sumvoulio-i-lista-me-ta-onomata-tou-gallogermanikou-axona/?utm_source=rss
111,Έτσι θα προστατευτείτε από τη φωτογήρανση και τη φωτοκαρκινογένεση,2019-07-02,https://www.protothema.gr/zoi/article/904678/etsi-tha-prostateuteite-apo-ti-fotogiransi-kai-ti-fotokarkinogenesi/?utm_source=rss
112,Νέα Σμύρνη: Αναστάτωση από φωτιά σε διαμέρισμα,2019-07-02,https://www.protothema.gr/greece/article/904820/nea-smurni-anastatosi-apo-fotia-se-diamerisma/?utm_source=rss
113,Αλλαγές στις κυκλοφοριακές ρυθμίσεις στην Αθηνών - Θεσσαλονίκης στην Πιερία,2019-07-02,https://www.protothema.gr/greece/article/904819/allages-stis-kukloforiakes-ruthmiseis-stin-athinon-thessalonikis-stin-pieria/?utm_source=rss
114,"Το brexit χωρίς συμφωνία είναι «καταστροφικό» για τους Τόρις, λέει ο πρώην ηγέτης του κόμματος Γουίλιαμ Χέιγκ",2019-07-02,https://www.protothema.gr/world/article/904818/to-brexit-horis-sumfonia-einai-katastrofiko-gia-tous-toris-leei-o-proin-igetis-tou-kommatos-ouiliam-hag/?utm_source=rss
115,Εκλογές 2019: Μάθε πού ψηφίζεις με ένα κλικ,2019-07-02,https://www.protothema.gr/greece/article/904815/ekloges-2019-mathe-pou-psifizeis-me-ena-klik/?utm_source=rss
116,Ο 95χρονος Μίμης Πλέσσας φωτογραφήθηκε με την 21 ετών κόρη του,2019-07-02,https://www.protothema.gr/marie-claire/article/904817/o-95hronos-mimis-plessas-fotografithike-me-tin-21-eton-kori-tou/?utm_source=rss
117,Εβελίνα Παπούλια: Παντρεύτηκα και χώρισα την... ίδια μέρα,2019-07-02,https://www.protothema.gr/life-style/article/904816/evelina-papoulia-padreutika-kai-horisa-tin-idia-mera/?utm_source=rss
118,Ο Ξανθός επισκέφθηκε Χώρο Εποπτευόμενης Χρήσης ναρκωτικών που ακόμη δεν έχει διαμορφωθεί...,2019-07-02,https://www.protothema.gr/greece/article/904814/episkepsi-xanthou-sto-heh-tis-odou-kapodistriou-pou-tha-leitourgisei-kapoia-stigmi/?utm_source=rss
119,Μητσοτάκης στην 111 Πτέρυγα Μάχης: Θα είμαστε δίπλα στις Ένοπλες Δυνάμεις,2019-07-02,https://www.protothema.gr/politics/article/904812/mitsotakis-stin-111-pteruga-mahis-tha-eimaste-dipla-stis-enoples-dunameis/?utm_source=rss
120,Three Cents: Μια ανάσα δροσιάς για το καλοκαίρι,2019-07-02,https://www.protothema.gr/olivemagazine/article/904809/three-cents-mia-anasa-drosias-gia-to-kalokairi/?utm_source=rss
121,Ο Νίκος Παππάς προκαλεί τον Αντετοκούνμπο: «Θα παίξεις μονό μωρή κότα;»,2019-07-02,https://www.protothema.gr/sports/article/904805/o-apithanos-nikos-pappas-prokalei-ton-adetokounbo-tha-paixeis-mono-mori-kota/?utm_source=rss
122,Μια νεκρή και δυο τραυματίες από πυροβολισμούς σε σπίτι στο Πιτέρμπορο,2019-07-02,https://www.protothema.gr/world/article/904802/mia-nekri-kai-duo-traumaties-apo-purovolismous-se-spiti-sto-piterboro/?utm_source=rss
123,"GNTM: 7.000 κορίτσια δήλωσαν συμμετοχή, 400 είδαν οι κριτές, 70 πέρασαν",2019-07-02,https://www.protothema.gr/life-style/article/904803/gntm-7000-koritsia-dilosan-summetohi-400-eidan-oi-krites-70-perasan/?utm_source=rss
124,Ο Παναθηναϊκός έκανε... μπάσιμο για Στρέλνιεκς,2019-07-02,https://www.protothema.gr/sports/article/904801/o-panathinaikos-ekane-basimo-gia-strelnieks/?utm_source=rss
125,Φορολογικές δηλώσεις 2019: Πότε κλείνει το Taxisnet - Τι να προσέξετε,2019-07-02,https://www.protothema.gr/economy/article/904800/forologikes-diloseis-2019-pote-kleinei-to-taxisnet-ti-na-prosexete/?utm_source=rss
126,Η Σοφία Βόσσου έκοψε τα μαλλιά της a la garcon και τα έβαψε φούξια,2019-07-02,https://www.protothema.gr/marie-claire/article/904799/i-sofia-vossou-ekopse-ta-mallia-tis-a-la-garcon-kai-ta-evapse-fouxia/?utm_source=rss
127,Μπαράζ ελέγχων από την εφορία - Ποιοι είναι οι πρώτοι «στόχοι»,2019-07-02,https://www.protothema.gr/economy/article/904798/baraz-eleghon-apo-tin-eforia-poioi-einai-oi-protoi-stohoi/?utm_source=rss
128,Ocasio-Cortez allegedly screamed at border agents during recent trip to southern border! (video),2019-07-02,https://www.protothema.gr/english-news/article/904797/ocasio-cortez-allegedly-screamed-at-border-agents-during-recent-trip-to-southern-border-video/?utm_source=rss
129,H ανορεξιογόνος ορμόνη που επηρεάζει την παχυσαρκία,2019-07-02,https://www.protothema.gr/zoi/article/904664/h-anorexiogonos-ormoni-pou-epireazei-tin-pahusarkia/?utm_source=rss
130,O Τζορτζ και η Αμάλ Κλούνεϊ φωτογραφήθηκαν με το προσωπικό εστιατορίου στη Βενετία,2019-07-02,https://www.protothema.gr/life-style/article/904796/o-tzortz-klounei-fotografithike-me-to-prosopiko-estiatoriou-sti-venetia/?utm_source=rss
131,Βασίλης Κικίλιας: Αν είναι παραμύθι να βρεις το άλλο σου μισό έκανα υπομονή και το βρήκα,2019-07-02,https://www.protothema.gr/life-style/article/904792/vasilis-kikilias-an-einai-paramuthi-na-vreis-to-allo-sou-miso-ekana-upomoni-kai-to-vrika/?utm_source=rss
132,Ούρσουλα φον ντερ Λάιεν για πρόεδρος της Κομισιόν - Λαγκάρντ για ΕΚΤ,2019-07-02,https://www.protothema.gr/world/article/904795/i-germanida-upourgos-amunas-oursoula-fon-der-laien-gia-proedros-tis-komision/?utm_source=rss
133,Εκλογές 2019: Τι ισχύει με την άδεια από τη δουλειά και τις αποδοχές,2019-07-02,https://www.protothema.gr/greece/article/904794/ekloges-2019-ti-ishuei-me-tin-adeia-apo-ti-douleia-kai-tis-apodohes/?utm_source=rss
134,Η πριγκίπισσα Νταϊάνα ήθελε να παίξει στο The Bodyguard 2 στο πλευρό του Κόστνερ,2019-07-02,https://www.protothema.gr/life-style/Hollywood/article/904793/i-prigipissa-daiana-ithele-na-paixei-sto-the-bodyguard-2-sto-pleuro-tou-kostner/?utm_source=rss
135,"Γερμανικό περιοδικό «Cicero»: Κυριάκος Μητσοτάκης, ο μετά-λαϊκιστής",2019-07-02,https://www.protothema.gr/politics/article/904791/germaniko-periodiko-cicero-kuriakos-mitsotakis-o-meta-laikistis/?utm_source=rss
136,NASA's Orion Spacecraft Ascent Abort-2 Test (Live Video),2019-07-02,https://www.protothema.gr/english-news/article/904790/nasas-orion-spacecraft-ascent-abort-2-test-live-video/?utm_source=rss
137,Εξοπλισμός ασφαλείας & επιπλέον αποζημίωση χρήσης για τους «ντελιβεράδες»,2019-07-02,https://www.protothema.gr/greece/article/904789/exoplismos-asfaleias-epipleon-apozimiosi-hrisis-gia-tous-deliverades/?utm_source=rss
138,Πανάκριβα πουλήθηκε η τελευταία Corvette με κινητήρα εμπρός,2019-07-02,https://www.protothema.gr/car-and-speed/news/article/904738/panakrive-poulithike-i-teleutaia-corvette-me-kinitira-ebros/?utm_source=rss
139,Σέιχ Σου: Η Δασική Υπηρεσία θα διαχειριστεί την υλοτόμηση - Σε 20 μέρες θα έχει ολοκληρωθεί το 80%-90%,2019-07-02,https://www.protothema.gr/greece/article/904788/seih-sou-i-dasiki-upiresia-tha-diaheiristei-to-provlima-me-to-floiofago-edomo/?utm_source=rss
140,Ανακοίνωση σε απάντηση του ψηφίσματος των εργαζομένων,2014-11-21,http://www.enet.gr/?i=news.el.article&id=456630
141,Ψήφισμα των εργαζομένων στην ΕΛΕΥΘΕΡΟΤΥΠΙΑ,2014-11-20,http://www.enet.gr/?i=news.el.article&id=456629
142,Νέα 24ωρη απεργία στην ΕΛΕΥΘΕΡΟΤΥΠΙΑ,2014-11-20,http://www.enet.gr/?i=news.el.article&id=456628
143,Νέα 48ωρη απεργία στην ΕΛΕΥΘΕΡΟΤΥΠΙΑ,2014-11-18,http://www.enet.gr/?i=news.el.article&id=456627
144,24ωρη απεργία στην ΕΛΕΥΘΕΡΟΤΥΠΙΑ,2014-11-17,http://www.enet.gr/?i=news.el.article&id=456626
145,"Με 3 δισ. δολ. ο Ομπάμα ""πρασινίζει""",2014-11-14,http://www.enet.gr/?i=news.el.article&id=456624
146,Σκουρλέτης: Επικίνδυνα παιχνίδια με τη Δημοκρατία,2014-11-14,http://www.enet.gr/?i=news.el.article&id=456622
147,Μαζικές διαδηλώσεις στην Ιταλία της ύφεσης,2014-11-14,http://www.enet.gr/?i=news.el.article&id=456623
148,Τριήμερη απεργία στην ΕΛΕΥΘΕΡΟΤΥΠΙΑ,2014-11-14,http://www.enet.gr/?i=news.el.article&id=456625
149,Ψηφίστηκαν τα φιρμάνια για ΕΝΦΙΑ και κόκκινα δάνεια,2014-11-14,http://www.enet.gr/?i=news.el.article&id=456621
150,Μεγάλο έλλειμμα Δημοκρατίας,2014-11-14,http://www.enet.gr/?i=news.el.article&id=456603
151,Εξευτέλισε ο Ράμα τη σερβική ηγεσία μέσα  στο Βελιγράδι,2014-11-14,http://www.enet.gr/?i=news.el.article&id=456602
152,Ερωτα  όλο τρέλα  με την Ελλάδα της ευημερίας,2014-11-14,http://www.enet.gr/?i=news.el.article&id=456601
153,«Τον Τούρκο κάμε σύντεκνο και το ραβδί σου βάστα»,2014-11-14,http://www.enet.gr/?i=news.el.article&id=456600
154,Συζήτηση για Σχιστό,2014-11-14,http://www.enet.gr/?i=news.el.article&id=456599
155,Σε κοντέινερ ασθενείς της μονάδας μεσογειακής αναιμίας του «Άγιος Παύλος»,2019-07-02,http://feedproxy.google.com/~r/skai/Uulu/~3/qEYx14PWmCY/
156,Τουλάχιστον 14 νεκροί μετά από έκρηξη σε ρωσικό υποβρύχιο,2019-07-02,http://feedproxy.google.com/~r/skai/Uulu/~3/njxoKu-h_h8/
157,«Πόκερ» αξιωμάτων στις Βρυξέλλες με συμβιβασμούς σε Κομισιόν και ΕΚΤ,2019-07-02,http://feedproxy.google.com/~r/skai/Uulu/~3/kheI6MOAYVo/
158,Νομικά μέτρα κατά 3 εταιριών για τις γεωτρήσεις στην ΑΟΖ παίρνει η Κύπρος,2019-07-02,http://feedproxy.google.com/~r/skai/Uulu/~3/TD4KKqvHE0A/
159,Στην εξίσωση του νέου ασφαλιστικού τα 62 χρόνια θα είναι λίγα,2019-07-02,http://feedproxy.google.com/~r/skai/Uulu/~3/mpMutTkjG4c/
160,Αίτημα αποφυλάκισης από 4 μέλη της «Συνωμοσίας των Πυρήνων της Φωτιάς»,2019-07-02,http://feedproxy.google.com/~r/skai/Uulu/~3/jvuQEOSJ9ik/
161,"Το Oumuamua δεν είναι διαστημόπλοιο, αλλά παραμένει μυστήριο",2019-07-02,http://feedproxy.google.com/~r/skai/Uulu/~3/ssWoQQCRSqE/
162,Ιστορικό χαμηλό τιμών σε λαβράκι και τσιπούρα,2019-07-02,https://www.naftemporiki.gr/finance/story/1493377/istoriko-xamilo-timon-se-labraki-kai-tsipoura
163,Εκλογές: Διευκολύνσεις για τη μετακίνηση ψηφοφόρων και δικαστικών αντιπροσώπων,2019-07-02,https://www.naftemporiki.gr/story/1493606/ekloges-dieukolunseis-gia-ti-metakinisi-psifoforon-kai-dikastikon-antiprosopon
164,Σύγχρονο compact saloon,2019-07-02,https://www.naftemporiki.gr/story/1492966/sugxrono-compact-saloon
165,Έργα προστασίας και ανάδειξης της πολιτιστικής κληρονομιάς στην Περιφέρεια Πελοποννήσου,2019-07-02,https://www.naftemporiki.gr/story/1493590/erga-prostasias-kai-anadeiksis-tis-politistikis-klironomias-stin-perifereia-peloponnisou
166,ΕΤΒΑ ΒΙ.ΠΕ.: Το μοντέλο «one-stop-shop» και το μέλλον των ΟΥΔ,2019-07-02,https://www.naftemporiki.gr/finance/story/1493599/etba-bipe-to-montelo-one-stop-shop-kai-to-mellon-ton-oyd
167,Διακινούσαν 83 κιλά ηρωίνης που έφεραν από Τουρκία,2019-07-02,https://www.naftemporiki.gr/story/1493589/diakinousan-83-kila-iroinis-pou-eferan-apo-tourkia
168,Μποϊκοτάζ στα social media για δύο ημέρες ζητά ένας εκ των ιδρυτών της Wikipedia,2019-07-02,https://www.naftemporiki.gr/story/1493586/mpoikotaz-sta-social-media-gia-duo-imeres-zita-enas-ek-ton-idruton-tis-wikipedia
169,Ρωσία: Δεκατέσσερις νεκροί από φωτιά σε ερευνητικό υποβρύχιο,2019-07-02,https://www.naftemporiki.gr/story/1493580/rosia-dekatesseris-nekroi-apo-fotia-se-ereunitiko-upobruxio
170,H Tουρκία επιστρέφει στην αγορά ομολόγων με την έκδοση 5ετους,2019-07-02,https://www.naftemporiki.gr/finance/story/1493578/h-tourkia-epistrefei-stin-agora-omologon-me-tin-ekdosi-5etous
171,Πειραιάς: Ο ΟΛΠ καλύτερο λιμάνι κρουαζιέρας στην Ανατολική Μεσόγειο,2019-07-02,https://www.naftemporiki.gr/finance/story/1493577/peiraias-o-olp-kalutero-limani-krouazieras-stin-anatoliki-mesogeio
